2.  DML COMMANDS

  a)  DML -INSERT

                     Insert values in INVOICE database. 

Value insertion................
-> customer_id  10001, 10002, 10003 etc
-> in_id   101,102, 103, etc
-> name of city (calicut, ekm, tvm, etc..)
-> some quantity should be less than 2
-> product names....pen, pencil, soap, etc..
-> some phone number should be null
-> some price between 50 rs and 150 rs
-> inv_date between 1st jan 2023 to 31st dec 2024
-> some customers purchase more than 2 products

mysql> insert into customer values(10001,'amil','kv house','Pattambi',859389080);
Query OK, 1 row affected (0.15 sec)

mysql> insert into customer values(10002,'nishan','kv house','Pattambi',859389080);
Query OK, 1 row affected (0.11 sec)

mysql> insert into customer(id,name,address,city) values (10003,'shan','karoot valappil','Vallappuzha');
Query OK, 1 row affected (0.10 sec)

mysql> insert into customer values(10004,'aman','rahiman house','Kuttiyadi',924628382);
Query OK, 1 row affected (0.10 sec)

mysql> insert into customer values(10005,'faris','shamsuddin house','Kuttiyadi',893582081);
Query OK, 1 row affected (0.11 sec)

mysql> select * from customer;

+-------+--------+------------------+-------------+-----------+
| id    | name   | address          | city        | ph_no     |
+-------+--------+------------------+-------------+-----------+
| 10001 | amil   | kv house         | Pattambi    | 859389080 |
| 10002 | nishan | kv house         | Pattambi    | 859389047 |
| 10003 | shan   | karoot valappil  | Vallappuzha |      NULL |
| 10004 | aman   | rahiman house    | Kuttiyadi   | 983526327 |
| 10005 | faris  | shamsuddin house | Kuttiyadi   | 963545438 |
+-------+--------+------------------+-------------+-----------+
5 rows in set (0.00 sec)


mysql> insert into product values(001,'pen',10);
Query OK, 1 row affected (0.11 sec)

mysql> insert into product values(002,'pencil',5);
Query OK, 1 row affected (0.11 sec)

mysql> insert into product values(003,'soap',30);
Query OK, 1 row affected (0.08 sec)

mysql> insert into product values(004,'notebook',60);
Query OK, 1 row affected (0.14 sec)

mysql> insert into product values(005,'eraser',5);
Query OK, 1 row affected (0.12 sec)

mysql> select * from product;
+------+----------+-------+
| p_id | pname    | price |
+------+----------+-------+
|    1 | pen      |    10 |
|    2 | pencil   |     5 |
|    3 | soap     |    30 |
|    4 | notebook |    60 |
|    5 | eraser   |     5 |
+------+----------+-------+


mysql> insert into invoice_master values(101,10001,'2023-01-01');
Query OK, 1 row affected (0.08 sec)

mysql> insert into invoice_master values(102,10002,'2023-06-18');
Query OK, 1 row affected (0.13 sec)

mysql> insert into invoice_master values(103,10003,'2023-05-25');
Query OK, 1 row affected (0.09 sec)

mysql> insert into invoice_master values(104,10004,'2023-12-29');
Query OK, 1 row affected (0.10 sec)

mysql> insert into invoice_master values(105,10005,'2024-06-10');
Query OK, 1 row affected (0.11 sec)

mysql> select * from invoice_master;
+--------+---------+------------+
| inv_id | cust_id | inv_date   |
+--------+---------+------------+
|    101 |   10001 | 2023-01-01 |
|    102 |   10002 | 2023-06-18 |
|    103 |   10003 | 2023-05-25 |
|    104 |   10004 | 2023-12-29 |
|    105 |   10005 | 2024-06-10 |
+--------+---------+------------+
5 rows in set (0.00 sec)


mysql> insert into invoice_item values(101,001,2);
Query OK, 1 row affected (0.11 sec)

mysql> insert into invoice_item values(102,002,1);
Query OK, 1 row affected (0.12 sec)

mysql> insert into invoice_item values(103,003,1);
Query OK, 1 row affected (0.11 sec)

mysql> insert into invoice_item values(103,001,3);
Query OK, 1 row affected (0.11 sec)

mysql> insert into invoice_item values(104,004,1);
Query OK, 1 row affected (0.12 sec)

mysql> insert into invoice_item values(105,005,4);
Query OK, 1 row affected (0.17 sec)

mysql> select * from invoice_item;
+---------+-------+----------+
| invo_id | pr_id | quantity |
+---------+-------+----------+
|     101 |     1 |        2 |
|     102 |     2 |        1 |
|     103 |     3 |        1 |
|     103 |     1 |        3 |
|     104 |     4 |        1 |
|     105 |     5 |        4 |
+---------+-------+----------+
6 rows in set (0.00 sec)

//VERIFIED
